<keymap version="1" name="Mac OS X 10.5+ copy" parent="Mac OS X 10.5+">
  <action id="ActivateLogcatToolWindow">
    <keyboard-shortcut first-keystroke="meta 6" />
  </action>
  <action id="ActivateTODOToolWindow" />
  <action id="ClassNameCompletion">
    <keyboard-shortcut first-keystroke="ctrl alt space" />
    <keyboard-shortcut first-keystroke="meta w" />
  </action>
  <action id="CloseContent" />
  <action id="android.deploy.ApplyChanges">
    <keyboard-shortcut first-keystroke="ctrl meta r" />
  </action>
  <action id="android.deploy.CodeSwap">
    <keyboard-shortcut first-keystroke="shift ctrl meta r" />
  </action>
</keymap>