<application>
  <component name="FileTypeManager" version="18">
    <extensionMap>
      <mapping ext="klib" type="ARCHIVE" />
      <mapping pattern="Log" type="Groovy" />
      <mapping pattern="PackagePlugin" type="Groovy" />
      <mapping pattern="SmallTest" type="Groovy" />
      <mapping pattern="PluginType" type="Groovy" />
      <mapping pattern="BasePlugin" type="Groovy" />
      <mapping pattern="Test" type="Groovy" />
      <mapping pattern="VersioningPlugin" type="Groovy" />
      <mapping pattern="BaseExtension" type="Groovy" />
      <mapping ext="main.kts" type="Kotlin" />
      <mapping pattern="IntExt" type="PLAIN_TEXT" />
      <mapping pattern="RootPlugin" type="PLAIN_TEXT" />
      <mapping pattern=".svnignore" type="PLAIN_TEXT" />
      <mapping pattern="task ':copyThenDeleteBizDist'" type="PLAIN_TEXT" />
      <mapping ext="so" type="PLAIN_TEXT" />
      <mapping ext="wav" type="PLAIN_TEXT" />
      <mapping ext="small" type="Properties" />
      <removed_mapping ext="apk" approved="true" type="ARCHIVE" />
      <removed_mapping ext="ignore" approved="true" type="IgnoreLang file" />
      <removed_mapping ext="psd" approved="true" type="Image" />
      <removed_mapping ext="so" approved="true" type="so" />
      <mapping pattern=".gitignore_global" type="Git file" />
      <mapping pattern="ignore" type="Git exclude file" />
    </extensionMap>
  </component>
</application>