<application>
  <component name="AppStorage">
    <histories>
      <item value="exceed Long Click Threshold" />
      <item value="serials" />
      <item value="in part * by making this method readily inlinable. *" />
      <item value="It otherwise relays to getEntryAfterMiss." />
      <item value="modulo" />
      <item value="stale" />
      <item value="stale entries" />
      <item value="expunged" />
      <item value="interim" />
      <item value="solely" />
      <item value="Supplier" />
      <item value="* The difference between successively generated hash codes - turns * implicit sequential thread-local IDs into near-optimally spread * multiplicative hash values for power-of-two-sized tables." />
      <item value="consecutively" />
      <item value="eliminates" />
      <item value="pertaining" />
      <item value="probe" />
      <item value="linear-probe" />
      <item value="postpone" />
      <item value="most-specific" />
      <item value="Find the most-specific root path" />
      <item value="and converting drive letters" />
      <item value="system-dependent" />
      <item value="as if" />
      <item value="precise" />
      <item value="Canonical" />
      <item value="In comparison" />
      <item value="facilitates" />
      <item value="lengthy" />
      <item value="interpret" />
      <item value="bulk" />
      <item value="distinguish With Admin And Managers" />
      <item value="is Admin Or Manage" />
      <item value="Haptic" />
      <item value="Stalled by" />
      <item value="Stalled" />
      <item value="invariant" />
      <item value="Time spent in deep sleep will add an additional delay to execution" />
      <item value="nanoseconds" />
      <item value="spurious" />
      <item value="more or less" />
      <item value="elapsed" />
      <item value="dormant" />
      <item value="relinquish" />
      <item value="Direct handoffs" />
      <item value="any dataSetChange should trigger the event that list scrolls to bottom." />
      <item value="Identify the state that the user enter a chat room, does not interact with the messageList," />
      <item value="in order to" />
      <item value="in attention to" />
      <item value="overfill" />
      <item value="Adjacent" />
    </histories>
    <option name="languageScores">
      <map>
        <entry key="CHINESE" value="426" />
        <entry key="ENGLISH" value="427" />
        <entry key="DANISH" value="1" />
        <entry key="LATIN" value="2" />
        <entry key="ROMANIAN" value="1" />
        <entry key="SLOVAK" value="2" />
        <entry key="TURKISH" value="1" />
        <entry key="SPANISH" value="1" />
        <entry key="ITALIAN" value="1" />
      </map>
    </option>
  </component>
  <component name="Cache">
    <option name="lastTrimTime" value="1632114132486" />
  </component>
  <component name="Settings">
    <option name="showExplanation" value="true" />
    <option name="showWordsOnStartup" value="true" />
  </component>
</application>